{"cameraMode":{"drawMode":0,"name":"Shaded","section":"Shading Mode"},"sceneLighting":true,"audioPlay":false,"sceneViewState":{"m_AlwaysRefresh":false,"showFog":true,"showSkybox":true,"showFlares":true,"showImageEffects":true,"showParticleSystems":true,"showVisualEffectGraphs":true,"m_FxEnabled":true},"in2DMode":false,"pivot":{"x":42.04567337036133,"y":-43.310874938964847,"z":28.184267044067384},"rotation":{"x":-0.021367555484175683,"y":-0.7966066598892212,"z":0.6034616231918335,"w":-0.028206536546349527},"size":63.00746536254883,"orthographic":false}